url_path,views_total,views_unique
/tobbie/c-sharp-algorithms,3,3
/tobbie/c-sharp-algorithms/blob/main/DataStructures/Graphs/Easy/HasPath.cs,1,1
/tobbie/c-sharp-algorithms/blob/main/Patterns/FastAndSlow/HappyNumber.cs,1,1
/tobbie/c-sharp-algorithms/discussions,1,1
/tobbie/c-sharp-algorithms/pulls,1,1
/tobbie/c-sharp-algorithms/tree/main,1,1
/tobbie/c-sharp-algorithms/tree/main/AlgorithmPractise,1,1
/tobbie/c-sharp-algorithms/tree/main/DataStructures,1,1
/tobbie/c-sharp-algorithms/tree/main/DataStructures/Arrays,1,1
/tobbie/c-sharp-algorithms/tree/main/DataStructures/Arrays/Easy,1,1
